term,df,sumsq,meansq,statistic,p.value
treatment,4,14.254857499999993,3.563714374999998,6.916291656457486,8.549756368463643e-5
Residuals,75,38.64478125000002,0.5152637500000004,NA,NA
