term,df,sumsq,meansq,statistic,p.value
treatment,4,0.5808174999999995,0.14520437499999989,4.115245362694661,0.004546828592095161
Residuals,75,2.6463375000000022,0.03528450000000003,NA,NA
