term,df,sumsq,meansq,statistic,p.value
treatment,4,0.0915924999999999,0.022898124999999974,4.108945314252383,0.004589033709659695
Residuals,75,0.41795625000000014,0.005572750000000002,NA,NA
