term,df,sumsq,meansq,statistic,p.value
treatment,4,591586.7999999997,147896.69999999992,9.987513641127592,1.5590103756872167e-6
Residuals,75,1110611.9999999998,14808.159999999996,NA,NA
