term,df,SumOfSqs,R2,statistic,p.value,domain
treatment,4,6.1876010924082125,0.18409395941854523,4.230587307133829,0.001,Fungi
Residual,75,27.423502237388977,0.815906040581455,NA,NA,Fungi
Total,79,33.61110332979718,1,NA,NA,Fungi
treatment,4,9.623872975560557,0.35632016092478724,10.379388341474984,0.001,Bacteria
Residual,75,17.385188062644314,0.6436798390752131,NA,NA,Bacteria
Total,79,27.009061038204862,1,NA,NA,Bacteria
