term,df,SumOfSqs,R2,statistic,p.value,domain
treatment,4,6.23005389455303,0.20342604070358591,4.788303984430044,0.001,Fungi
Residual,75,24.395592030645425,0.7965739592964143,NA,NA,Fungi
Total,79,30.625645925198448,1,NA,NA,Fungi
treatment,4,3.4949040097637525,0.35084042466110965,10.133499084507317,0.001,Bacteria
Residual,75,6.4666162829437255,0.6491595753388905,NA,NA,Bacteria
Total,79,9.961520292707476,1,NA,NA,Bacteria
