term,df,sumsq,meansq,statistic,p.value
treatment,4,6.6682425,1.667060625,100.55153304850457,2.3802555011045922e-29
Residuals,75,1.2434375000000009,0.01657916666666668,NA,NA
