term,estimate,std.error,statistic,p.value
(Intercept),379.8076244243595,8.76696821883409,43.32257343062089,1.9356665980921974e-135
Abundance,55721.536898103936,11741.734252942082,4.745596834142452,3.1466350975597937e-6
